"","Code","Country.Name","notzoo_EID_counts_binom","notzoo_EID_counts_pois","Ad_notzoo_EID_counts_pois","Agricultural_land","GDP","Population","Population_density","Popolation_growth","Precipitation","Livestock_density","Forest_coverage","Temperature","Aves_richness","Mammalian_richness","Im_counts","Ex_counts","Year","RE","RB","Im_counts_scaled","Ex_counts_scaled","Mammalian_richness_scaled","Aves_richness_scaled","Temperature_scaled","Livestock_density_scaled","Precipitation_scaled","Population_density_scaled","GDP_scaled","GDP_p_c","GDP_p_scaled","Popolation_growth_scaled","Forest_coverage_scaled","Agricultural_land_scaled"
"1",8,"Argentina",1,1,47,46.99326559,3.78e+11,37885028,13.69555668,1.09917146,591,0.31,12.08,15.06,1041,408,6045.25,117021.878,2001,81,2.13804778,-0.451464048,0.260029477,0.457032255,0.457254317,0.096161089,-0.505686256,-0.646775233,-0.663025418,-0.646761918,9977.556305,-0.708346931,-0.034249938,-1.055512043,0.027106859
"2",11,"Australia",1,1,6,60.65943793,6.31e+11,17478635,2.275182563,1.119597701,534,0.08,17.37,21.68,833,374,411.766,1024.532,1992,312,17.22409693,-0.476452539,-0.258493833,0.269418652,-0.102250929,0.971193955,-0.84792212,-0.736796918,-0.74296537,-0.595292003,36101.21729,0.761323282,-0.008759536,-0.716831621,0.789657723
"3",11,"Australia",1,1,6,59.89052758,6.57e+11,17634808,2.2955115,0.889539826,534,0.08,17.35,21.91,833,374,502.538,297.75,1993,312,17.22409693,-0.476049901,-0.261742643,0.269418652,-0.102250929,1.001595399,-0.84792212,-0.736796918,-0.742823072,-0.590002605,37255.86352,0.826281604,-0.29585434,-0.718112077,0.746753738
"4",11,"Australia",1,1,6,61.06803952,6.83e+11,17805468,2.317726202,0.963092495,534,0.08,17.32,21.84,833,374,190.376,372.5,1994,312,17.22409693,-0.477434561,-0.261408501,0.269418652,-0.102250929,0.992342786,-0.84792212,-0.736796918,-0.742667574,-0.584713206,38359.00298,0.888342247,-0.20406618,-0.720032759,0.812457047
"5",11,"Australia",1,1,7,59.31817294,8.91e+11,19274701,2.508975307,1.283968091,534,0.07,17.13,21.48,833,374,382.587,313.878,2001,312,16.18702153,-0.476581969,-0.261670549,0.269418652,-0.102250929,0.944757917,-0.86280194,-0.736796918,-0.741328875,-0.542398019,46226.39801,1.330947751,0.196362262,-0.732197085,0.714817251
"6",11,"Australia",1,1,7,58.1856996,9.27e+11,19495210,2.53767882,1.137538736,534,0.08,17.1,22.16,833,374,499.063,140.66,2002,312,16.00393122,-0.476065315,-0.262444856,0.269418652,-0.102250929,1.034640447,-0.84792212,-0.736796918,-0.741127957,-0.535074237,47550.1418,1.405419198,0.013629517,-0.734117768,0.651627025
"7",12,"Austria",1,1,14,38.08652448,1.89e+11,7549425,91.48600339,-0.170463648,1110,1.13,NA,6.21,412,102,3995,800,1979,59,7.417983622,-0.460558359,-0.25949752,-1.231490172,-1.234711065,-1.073633603,0.714458998,0.1728959,-0.11851046,-0.685211776,25035.01922,0.138758869,-1.618658394,NA,-0.469875249
"8",14,"Bahamas, The",1,1,1,1.298701299,10925284736,338490,33.81518482,1.334756884,1292,2.58,50.94,25.11,326,43,248,4,2003,1,2.954297025,-0.477178958,-0.263055744,-1.557054953,-1.466044964,1.424572011,2.872032922,0.460333561,-0.52219272,-0.721439011,32276.53619,0.546153598,0.259742829,1.432412565,-2.522577765
"9",16,"Bangladesh",1,1,148,72.87393409,79267885586,126754824,973.7637244,1.915074298,2666,1.71,14.75,26.1,663,159,2,4,1999,86,0.678475164,-0.478270142,-0.263055744,-0.916961484,-0.55953887,1.5554304,1.577488568,2.63032997,6.057227517,-0.707535501,625.3638567,-1.234484469,0.98393501,-0.884571263,1.471207345
"10",27,"Brazil",1,1,45,28.7269895,7.75e+11,133888775,16.01896774,2.198485778,1782,0.44,NA,24.85,1864,710,155.25,82,1984,371,2.251670261,-0.47759037,-0.262707074,2.123482493,2.671065937,1.390205161,-0.312248594,1.234204187,-0.646762083,-0.565996874,5788.386666,-0.944022085,1.337611072,NA,-0.99212254
"11",34,"Cambodia",1,1,25,30.33650578,11283900343,13714791,77.69539429,1.743255619,1904,0.65,60.31,27.26,545,195,0,7593,2007,56,4.083182894,-0.478279013,-0.229131921,-0.718311787,-0.876950499,1.708759422,0.00022763,1.42688218,-0.215041503,-0.721366055,822.7540867,-1.223379649,0.769518311,2.032305864,-0.90231407
"12",41,"China",1,1,169,46.02999784,4.44e+11,993885000,105.4555698,1.280952344,645,0.39,NA,6.95,1329,614,2510.712,10890.532,1981,717,0.591989938,-0.467142227,-0.214391522,1.593749967,1.231953887,-0.975820262,-0.386647694,-0.561491532,-0.020726758,-0.633334984,446.7317647,-1.244533989,0.192598838,NA,-0.026641963
"13",41,"China",1,1,169,50.63774116,7.01e+11,1051040000,111.5200851,1.361699118,645,0.37,NA,6.72,1329,614,9193.526,95203.878,1985,717,0.591989938,-0.437499214,0.162500163,1.593749967,1.231953887,-1.006221706,-0.416407335,-0.561491532,0.021723432,-0.581051315,666.9584412,-1.232144432,0.293364696,NA,0.230462848
"14",41,"China",1,1,174,55.57078149,2.37e+12,1241935000,131.7743464,0.959550406,645,0.48,18.43,7.97,1329,614,18977.75,156823.335,1998,717,0.5773249,-0.39409925,0.437947195,1.593749967,1.231953887,-0.840996467,-0.252729313,-0.561491532,0.163498531,-0.241512626,1908.312432,-1.162308088,-0.208486439,-0.648967491,0.505718718
"15",41,"China",1,1,181,55.82048764,3.97e+12,1296075000,137.5189588,0.593932815,645,0.5,19.86,7.73,1329,614,35626.024,51909.184,2004,717,0.553208726,-0.320252363,-0.031032782,1.593749967,1.231953887,-0.872719713,-0.222969673,-0.561491532,0.203709476,0.083988813,3063.094343,-1.097342133,-0.664749502,-0.557414939,0.519651928
"16",41,"China",1,1,191,56.10803814,9.62e+12,1363240000,144.645433,0.666072978,645,0.51,21.99,7.72,1329,614,46058.986,37338.415,2013,717,0.525952877,-0.273974786,-0.096166026,1.593749967,1.231953887,-0.874041514,-0.208089852,-0.561491532,0.253593131,1.233415772,7056.717819,-0.872668054,-0.574724042,-0.421046452,0.535696792
"17",44,"Congo, Dem. Rep.",1,1,61,11.36719525,27440771398,28219219,12.44755034,2.735360917,1543,0.05,NA,24.1,1155,493,0,992.628,1982,72,1.647662053,-0.478279013,-0.258636448,0.926066262,0.76390623,1.291070018,-0.89256158,0.856744841,-0.671761171,-0.718079127,972.4142755,-1.214960036,2.007590584,NA,-1.960771681
"18",52,"Czechia",1,1,33,55.44195677,1.2e+11,10294373,133.2259997,-0.094744752,677,0.54,34.11,8.29,383,93,10312.192,11661,1998,32,3.10849432,-0.432537138,-0.210947429,-1.281152596,-1.312719008,-0.798698805,-0.163450392,-0.510953042,0.173659765,-0.699249025,11656.8537,-0.613872678,-1.524166947,0.354909448,0.498530502
"19",53,"Denmark",1,1,7,65.6,2.88e+11,5591572,139.7893,0.376272243,703,1.82,15.04,8.49,461,82,621.589,1406.064,2012,87,15.55913078,-0.475521826,-0.256788335,-1.341851114,-1.102904541,-0.772262767,1.74116659,-0.469890519,0.219601334,-0.665071374,51506.08809,1.627973626,-0.93637341,-0.866004661,1.065333295
"20",57,"Ecuador",1,1,59,27.88975582,39393379286,9729376,35.1444011,2.490103411,2274,0.53,NA,21.69,1685,410,0,30,1987,20,1.714166941,-0.478279013,-0.262939521,0.468068349,2.189568634,0.972515757,-0.178330212,2.011233469,-0.512888517,-0.715647507,4048.911183,-1.04188185,1.701527792,NA,-1.038838859
"21",68,"France",1,1,11,58.47879525,1.15e+12,53966558,98.55717484,0.46586203,867,0.86,NA,10.91,522,155,116,55,1976,587,9.726884543,-0.477764471,-0.262827767,-0.939033673,-0.938818868,-0.452386704,0.312703854,-0.210880758,-0.069013912,-0.489707474,21309.49319,-0.07083253,-0.824572142,NA,0.6679813
"22",68,"France",1,1,11,56.30371499,1.55e+12,57472651,104.9602258,0.530774426,867,0.84,NA,11.12,522,155,221274.095,2052.628,1988,587,9.726884543,0.503228329,-0.253898109,-0.939033673,-0.938818868,-0.424628864,0.282944213,-0.210880758,-0.024194051,-0.408332114,26969.3493,0.247580803,-0.743566388,NA,0.546615252
"23",73,"Germany",1,1,25,52.50193338,1.89e+12,78128282,223.7799158,-0.262152572,700,1.6,NA,9.35,484,125,554328.87,53909.568,1983,330,4.034413812,1.980562162,-0.022090804,-1.104575087,-1.041036172,-0.658587803,1.413810546,-0.474628502,0.807516027,-0.339163058,24190.98375,0.09127495,-1.733079227,NA,0.334481834
"24",73,"Germany",1,1,25,49.67917502,2.58e+12,81678051,233.9674907,0.293904444,700,1.29,32.45,9.15,484,125,176402.5293,19470.116,1995,330,4.040253115,0.304191152,-0.176039659,-1.104575087,-1.041036172,-0.685023841,0.952536121,-0.474628502,0.878826672,-0.198790562,31587.43345,0.507385916,-1.039162185,0.248631659,0.176976369
"25",73,"Germany",1,1,25,48.83300837,2.91e+12,82469422,236.4646806,-0.056778262,700,1.18,32.63,9.26,484,125,96218.288,21794.596,2005,330,4.001483119,-0.051482754,-0.16564893,-1.104575087,-1.041036172,-0.67048402,0.788858099,-0.474628502,0.896306418,-0.13165589,35285.80569,0.715449691,-1.476787643,0.260155757,0.129761604
"26",76,"Greece",1,1,15,71.48952676,1.58e+11,10089498,78.27384019,0.52185098,652,0.29,NA,13.15,433,117,4051.78,56.064,1989,71,6.707335724,-0.460306499,-0.262823011,-1.148719464,-1.178222554,-0.156303076,-0.535445896,-0.550436237,-0.210992517,-0.691518366,15659.8475,-0.388671442,-0.754702172,NA,1.3939596
"27",89,"India",1,1,487,60.86896566,8.01e+11,1059633675,356.3962192,1.822184002,1083,0.92,22.73,24.71,1271,431,47.249,2287,2000,218,0.205731476,-0.478069431,-0.252850435,0.583947339,1.075938002,1.371699934,0.401982775,0.130254049,1.735799177,-0.560707475,755.921616,-1.227139524,0.868014956,-0.373669606,0.80134904
"28",90,"Indonesia",1,1,393,24.22042758,3.74e+11,207855486,114.7377612,1.564932863,2702,0.47,57.81,26.18,1790,750,477.43,24399,1998,53,0.25498485,-0.476161273,-0.154006903,2.344204378,2.472011186,1.566004815,-0.267609133,2.687185771,0.044246414,-0.647575672,1799.327057,-1.168439409,0.546985018,1.872248954,-1.243581588
"29",95,"Israel",1,1,6,25.46210721,1.87e+11,6689700,309.1358595,1.805519759,435,1.17,7.08,19.9,526,117,4741.93792,462.532,2003,129,19.28337594,-0.45724516,-0.261006046,-1.148719464,-0.928059151,0.735913215,0.773978279,-0.893150372,1.404987697,-0.685618653,27953.42093,0.302942904,0.847219242,-1.375625863,-1.174297823
"30",96,"Italy",1,1,21,58.68552582,1.26e+12,56564074,192.322852,0.036294637,832,0.67,NA,12.49,484,131,57349.182,1117.12,1983,271,4.766738434,-0.22389477,-0.258079952,-1.071466804,-1.041036172,-0.243542002,0.02998727,-0.266157231,0.587323928,-0.46732925,22275.62322,-0.016479791,-1.360639714,NA,0.67951654
"31",96,"Italy",1,1,22,52.87807979,1.84e+12,56942108,192.5554346,0.045303631,832,0.7,28.3,13.37,484,131,389611.736,9379.88,2000,271,4.759219662,1.249925002,-0.221144334,-1.071466804,-1.041036172,-0.127223434,0.074626731,-0.266157231,0.588951952,-0.349334978,32313.52095,0.548234294,-1.349397172,-0.017062811,0.35547021
"32",97,"Jamaica",1,1,29,44.04432133,8602270265,2315871,213.8385042,1.034797091,2051,0.77,NA,25.01,300,52,5,300,1986,9,3.569901255,-0.478256835,-0.261732585,-1.507392529,-1.53598312,1.411353992,0.178785472,1.659043368,0.737928468,-0.721911601,3714.485939,-1.060696013,-0.114584275,NA,-0.13743958
"33",98,"Japan",1,1,41,14.46090535,3.88e+12,126631000,347.4101509,0.182586374,1668,1.83,68.27,11.9,593,163,184620.9915,1102,1999,316,2.495439505,0.340645853,-0.25814754,-0.894889296,-0.747833904,-0.321528315,1.75604641,1.054160817,1.672898797,0.065679357,30640.20658,0.454096636,-1.178078706,2.541927065,-1.788147537
"34",138,"Nepal",1,1,78,29,8779116603,20130779,140.7746783,2.587735921,1500,1.33,39.74,13.58,870,193,0,10,1991,29,1.286474199,-0.478279013,-0.263028923,-0.729347881,-0.002723553,-0.099465594,1.012055401,0.788833745,0.226498752,-0.721875624,436.1041668,-1.245131879,1.82336577,0.715357609,-0.976888985
"35",139,"Netherlands",1,1,6,61.67061611,3.28e+11,13666335,404.8085012,0.891389955,778,3.3,NA,9.86,447,97,0,2,1975,273,17.6189624,-0.478279013,-0.263064684,-1.259080407,-1.140563547,-0.591175905,3.943379974,-0.351440933,2.074673843,-0.656933838,24000.58245,0.080563316,-0.293545519,NA,0.84607987
"36",139,"Netherlands",1,1,6,57.46741706,6.61e+11,16148929,478.3450533,0.638291666,778,3.9,10.73,10.72,447,97,75985.048,51888,2002,273,16.90514585,-0.141231504,-0.031127478,-1.259080407,-1.140563547,-0.477500941,4.836169184,-0.351440933,2.589412532,-0.589188851,40931.50697,1.033066698,-0.609393015,-1.141942774,0.611547992
"37",149,"Pakistan",1,1,288,46.51826484,95286561042,111670386,144.86092,3.371816359,494,0.73,NA,20.06,658,208,3430.98,59681.414,1989,47,0.347775152,-0.463060187,0.003710102,-0.646577174,-0.572988515,0.757062045,0.119266191,-0.799970031,0.255101489,-0.704276688,853.2840662,-1.221662088,2.801838772,NA,0.000602566
"38",149,"Pakistan",1,1,292,46.92299709,1.31e+11,137234810,178.0235705,3.046138376,494,0.85,6.1,20.26,658,208,1629,968,1996,47,0.342478705,-0.471053245,-0.258746538,-0.646577174,-0.572988515,0.783498083,0.297824033,-0.799970031,0.487232297,-0.697011203,954.5683052,-1.215964018,2.395417315,-1.438368171,0.023185987
"39",152,"Papua New Guinea",1,1,25,1.623018151,6024460986,2917572,6.442547366,2.138679352,3142,0.34,NA,24.5,780,295,8,7,1977,19,4.042862885,-0.478243528,-0.263042334,-0.166507073,-0.244817169,1.343942094,-0.461046795,3.382090007,-0.713794789,-0.722436027,2064.88854,-1.153499398,1.262977182,NA,-2.504481396
"40",152,"Papua New Guinea",1,1,25,1.921123526,7602333502,3764112,8.311866802,2.269406613,3142,0.33,NA,24.91,780,295,0.532,60.564,1989,19,4.042862885,-0.478276654,-0.262802896,-0.166507073,-0.244817169,1.398135973,-0.475926615,3.382090007,-0.70070999,-0.722115027,2019.688442,-1.156042274,1.426114903,NA,-2.487847586
"41",154,"Peru",1,1,27,15.25278406,71523160617,21143799,16.51859297,2.259750365,1738,0.33,NA,19.44,1893,522,8,70587.161,1988,93,3.768836249,-0.478243528,0.052460218,1.086089629,2.74907388,0.675110327,-0.475926615,1.164713764,-0.643264824,-0.709111076,3382.701501,-1.079361609,1.414064637,NA,-1.743961954
"42",154,"Peru",1,1,29,18.0346875,85116030650,26252239,20.50956172,1.667060401,1738,0.33,58.92,19.29,1893,522,166,95054,1999,93,3.54255498,-0.477542686,0.161830189,1.086089629,2.74907388,0.655283298,-0.475926615,1.164713764,-0.615328974,-0.706345764,3242.238906,-1.087263782,0.67443245,1.943314222,-1.588736129
"43",161,"Russian Federation",1,1,193,13.52237194,1.2e+12,147721000,9.012901199,0.586603533,NA,0.22,NA,-3.78,712,326,0,0,1989,77,0.519330284,-0.478279013,-0.263073625,0.004552389,-0.427732345,-2.394113713,-0.639604637,NA,-0.695802913,-0.479535554,8123.421856,-0.812657203,-0.67389589,NA,-1.840516221
"44",161,"Russian Federation",1,1,193,13.35241038,8.61e+11,148458777,9.059999158,-0.053482028,460,0.24,49.37,-4.4,712,326,944,5117,1993,77,0.519330284,-0.474091705,-0.240199965,0.004552389,-0.427732345,-2.476065432,-0.609844997,-0.853667176,-0.695473238,-0.548501171,5799.589741,-0.943391821,-1.472674192,1.331896826,-1.849999808
"45",166,"Saudi Arabia",1,1,35,80.84188883,3.67e+11,21547390,10.02348711,2.527236357,59,0.01,0.45,25.75,471,99,16384.711,79,2000,63,2.923787985,-0.405601215,-0.262720484,-1.248044313,-1.07600525,1.509167333,-0.952080861,-1.486977628,-0.688729047,-0.648999741,17032.22525,-0.311463936,1.747866896,-1.800096788,1.915806654
"46",177,"South Africa",1,1,29,77.53587945,1.4e+11,27199838,22.42194561,2.680995709,495,0.14,NA,17.61,832,325,58,14469.244,1977,154,3.4746297,-0.478021742,-0.198394211,-0.000965658,-0.104940858,0.433220577,-0.758643199,-0.798390703,-0.601942734,-0.695180257,5147.089479,-0.980100313,1.939746922,NA,1.731336544
"47",179,"Spain",1,1,15,61.49287202,5.92e+11,38469512,77.02529233,0.362365565,636,0.36,NA,13.39,550,140,19458.605,662.214,1985,283,7.109341969,-0.391966317,-0.260113441,-1.02180438,-0.863500854,-0.12457983,-0.431287155,-0.575705482,-0.21973206,-0.603226101,15388.80972,-0.40391954,-0.953727891,NA,0.83616203
"48",179,"Spain",1,1,15,61.47084735,7.1e+11,38827764,77.74259971,0.156776198,636,0.43,NA,14.27,550,140,88503.037,88.128,1989,283,7.109341969,-0.085705357,-0.262679681,-1.02180438,-0.863500854,-0.008261262,-0.327128414,-0.575705482,-0.214711076,-0.57922037,18285.8843,-0.240935331,-1.210287851,NA,0.834933089
"49",179,"Spain",1,1,15,59.65130261,9.71e+11,40567864,81.29832465,0.447137015,636,0.52,34.26,13.85,550,140,275257.453,13728.128,2000,283,6.975965015,0.742682759,-0.201707097,-1.02180438,-0.863500854,-0.063776942,-0.193210032,-0.575705482,-0.189821832,-0.526122947,23935.20152,0.076885102,-0.847939542,0.364512862,0.733405362
"50",185,"Sudan",1,1,79,50.86069024,32638028621,20453819,8.60850968,1.097666481,NA,0.09776168,NA,27.3,955,261,7,28525.244,1988,30,1.272644332,-0.478247963,-0.135562053,-0.354120676,0.225920417,1.71404663,-0.821493059,NA,-0.698633559,-0.717021805,1595.693627,-1.17989546,-0.036128038,NA,0.242903055
"51",192,"Thailand",1,2,64,36.60670594,64329225148,43806715,87.6119928,2.152980037,1622,0.46,NA,27.07,987,339,988.64,56,1979,185,3.134816979,-0.473893695,-0.262823297,0.076287002,0.311998147,1.683645186,-0.282488953,0.981511738,-0.14562763,-0.710574599,1468.478637,-1.187052347,1.280823354,NA,-0.552446789
"52",192,"Thailand",1,1,32,38.71479183,75488911384,46727292,93.36714361,2.061012064,1622,0.46,NA,26.07,987,339,2559.3,7694.596,1982,185,3.134816979,-0.466926705,-0.228677774,0.076287002,0.311998147,1.551464994,-0.282488953,0.981511738,-0.105342918,-0.70830429,1615.520784,-1.17878002,1.166054289,NA,-0.434818921
"53",192,"Thailand",1,1,32,41.7506704,1.15e+11,52479181,104.5449412,1.75995234,1622,0.43,NA,26.74,987,339,656.532,43366.064,1988,185,3.134816979,-0.475366829,-0.069221646,0.076287002,0.311998147,1.640025723,-0.327128414,0.981511738,-0.027100946,-0.700266217,2191.345174,-1.146385175,0.790354555,NA,-0.265421685
"54",197,"Tunisia",1,1,55,61.31565396,26713932931,9788067,63.00249099,1.13967609,207,0.24,4.28,20.99,370,95,110,2,1999,18,1.838973926,-0.477791085,-0.263064684,-1.270116502,-1.347688085,0.879989623,-0.609844997,-1.253237112,-0.317888394,-0.718226994,2729.234785,-1.116124472,0.016296773,-1.554889602,0.826273542
"55",205,"United Kingdom",1,1,14,75.72438309,1.34e+12,56333829,232.8517712,0.034821732,1220,0.94,NA,8.29,562,99,51915.368,37482.87989,1981,429,7.384723963,-0.247997584,-0.095520249,-1.248044313,-0.831221705,-0.798698805,0.431742415,0.346621958,0.871016896,-0.451054178,23786.77295,0.068534778,-1.362477788,NA,1.630257904
"56",205,"United Kingdom",1,1,14,75.09610218,1.52e+12,56550268,233.746406,0.226951225,1220,0.95,NA,7.91,562,99,80789.578,9622.672,1985,429,7.384723963,-0.119920011,-0.220059022,-1.248044313,-0.831221705,-0.848927278,0.446622235,0.346621958,0.877279131,-0.414435266,26878.74088,0.242483335,-1.122714732,NA,1.59520082
"57",205,"United Kingdom",1,1,14,74.88116397,1.65e+12,56802050,234.7871285,0.212637261,1220,1,NA,8.17,562,99,67645.89,1997040.531,1987,429,7.384723963,-0.178221577,8.663958763,-1.248044313,-0.831221705,-0.814560428,0.521021336,0.346621958,0.884563945,-0.387988274,29048.24738,0.364535872,-1.140577475,NA,1.583207607
"58",205,"United Kingdom",1,1,14,70.47906419,2.53e+12,59987905,247.9556277,0.568943113,1220,0.96,12.38,9.45,562,99,82084.197,3745.216,2004,429,7.151441611,-0.114177459,-0.246332019,-1.248044313,-0.831221705,-0.645369784,0.461502055,0.346621958,0.976740364,-0.208962482,42175.16848,1.103032859,-0.695934757,-1.036305213,1.337577382
"59",206,"United States",1,1,9,46.96581271,5.91e+12,215973000,23.58051569,0.985986067,715,0.38,NA,8.25,1036,465,13,4,1975,3013,11.24980195,-0.478221349,-0.263055744,0.771560942,0.443804672,-0.803986013,-0.401527515,-0.450938585,-0.593833014,0.478659309,27364.53168,0.269813053,-0.175496736,NA,0.025575031
"60",206,"United States",1,3,27,46.98470132,6.52e+12,220239000,24.0462891,1.005771996,715,0.35,NA,9.08,1036,465,18687.344,31016,1977,3013,11.24980195,-0.395387406,-0.124428048,0.771560942,0.443804672,-0.694276454,-0.446166975,-0.450938585,-0.590572709,0.602756733,29604.20271,0.395812919,-0.150805395,NA,0.026628986
"61",206,"United States",1,1,9,46.74799322,6.88e+12,222585000,24.30243172,1.05957308,715,0.33,NA,8.56,1036,465,65136.24,55576.148,1978,3013,11.24980195,-0.189353652,-0.014640974,0.771560942,0.443804672,-0.763010154,-0.475926615,-0.450938585,-0.58877977,0.675994556,30909.54018,0.469248859,-0.083665717,NA,0.013421047
"62",206,"United States",1,4,36,46.74799322,7.08e+12,227225000,24.80903945,0.959589923,715,0.33,NA,8.92,1036,465,232961.9785,172221.7907,1980,3013,11.24980195,0.555072371,0.506780307,0.771560942,0.443804672,-0.715425285,-0.475926615,-0.450938585,-0.585233635,0.716682236,31158.54329,0.483257327,-0.208437125,NA,0.013421047
"63",206,"United States",1,1,9,47.10130845,7.46e+12,233792000,25.52604226,0.914378513,715,0.33,NA,8.71,1036,465,403227.5948,136317.442,1983,3013,11.24980195,1.31032098,0.346283172,0.771560942,0.443804672,-0.743183125,-0.475926615,-0.450938585,-0.580214782,0.793988828,31908.70517,0.525460086,-0.26485754,NA,0.03313548
"64",206,"United States",1,2,18,47.10130845,8.33e+12,237924000,25.97718518,0.886129041,715,0.32,NA,8.38,1036,465,460683.927,118225.1,1985,3013,11.24980195,1.56518051,0.265408036,0.771560942,0.443804672,-0.786802588,-0.490806436,-0.450938585,-0.577056887,0.970980236,35011.18004,0.699999746,-0.300110742,NA,0.03313548
"65",206,"United States",1,2,18,47.10130845,8.62e+12,240133000,26.21836977,0.924164157,715,0.31,NA,9.37,1036,465,589013.257,131544.788,1986,3013,11.24980195,2.134411986,0.324948784,0.771560942,0.443804672,-0.655944199,-0.505686256,-0.450938585,-0.575368651,1.029977372,35896.77387,0.749821663,-0.252645798,NA,0.03313548
"66",206,"United States",1,1,9,46.61533624,9.29e+12,244499000,26.69506145,0.90799904,715,0.3,NA,9.06,1036,465,1056457.295,129355.556,1988,3013,11.24980195,4.20785739,0.315162631,0.771560942,0.443804672,-0.696920058,-0.520566076,-0.450938585,-0.572031921,1.1662811,37996.06542,0.867924033,-0.272818639,NA,0.006018997
"67",206,"United States",1,4,36,46.61533624,9.63e+12,246819000,26.94836532,0.944405555,715,0.3,NA,8.65,1036,465,1364034.601,81781,1989,3013,11.24980195,5.572180602,0.102498142,0.771560942,0.443804672,-0.751113937,-0.520566076,-0.450938585,-0.570258853,1.235450156,39016.44525,0.925328768,-0.227386066,NA,0.006018997
"68",206,"United States",1,3,27,46.61533624,9.81e+12,249623000,27.25451361,1.12965052,715,0.29,33.02,9.36,1036,465,504514.612,97027.064,1990,3013,11.24980195,1.759600644,0.170650043,0.771560942,0.443804672,-0.657266001,-0.535445896,-0.450938585,-0.568115887,1.272069067,39299.26329,0.941239602,0.003785621,0.285124635,0.006018997
"69",206,"United States",1,1,9,46.61533624,9.8e+12,252981000,27.62114913,1.336260741,715,0.3,33.03,9.34,1036,465,346354.0616,107015.279,1991,3013,11.24980195,1.058046576,0.21529867,0.771560942,0.443804672,-0.659909605,-0.520566076,-0.450938585,-0.565549524,1.270034683,38738.08705,0.909668836,0.261619528,0.285764863,0.006018997
"70",206,"United States",1,3,27,45.98109392,1.08e+13,263126000,28.72880764,1.226296089,715,0.33,33.07,9.23,1036,465,209840.9529,47403.596,1994,3013,11.24980195,0.452514245,-0.05117335,0.771560942,0.443804672,-0.674449426,-0.475926615,-0.450938585,-0.557796173,1.473473083,41044.97465,1.039450186,0.124391971,0.288325773,-0.029370724
"71",206,"United States",1,1,10,45.29826531,1.21e+13,272657000,29.76942797,1.203960297,715,0.34,33.11,8.74,1036,465,98415.0143,48448.096,1997,3013,11.05051402,-0.041738717,-0.046504298,0.771560942,0.443804672,-0.739217719,-0.461046795,-0.450938585,-0.550512073,1.737943003,44378.10142,1.226965907,0.096518594,0.290886684,-0.067471484
"72",206,"United States",1,1,10,45.26583804,1.26e+13,275854000,30.11848507,1.165714526,715,0.33,33.12,9.8,1036,465,94426.245,45130.256,1998,3013,10.92244448,-0.059431734,-0.061335477,0.771560942,0.443804672,-0.599106717,-0.475926615,-0.450938585,-0.548068755,1.839662203,45676.33603,1.300002253,0.048790769,0.291526911,-0.069280874
"73",206,"United States",1,1,10,45.23058486,1.38e+13,282162411,30.79730133,1.112768997,715,0.33,33.13,9.2,1036,465,78011.428,44346.921,2000,3013,10.67824729,-0.132243074,-0.064837087,0.771560942,0.443804672,-0.678414831,-0.475926615,-0.450938585,-0.5433172,2.083788282,48908.00285,1.481810019,-0.017281242,0.292167139,-0.071247946
"74",206,"United States",1,1,10,45.2900702,1.39e+13,284968955,31.10362839,0.989741382,715,0.33,33.19,9.42,1036,465,80525.5194,30915.5,2001,3013,10.57308155,-0.121091298,-0.124877296,0.771560942,0.443804672,-0.649335189,-0.475926615,-0.450938585,-0.541172982,2.104132122,48777.24312,1.474453712,-0.170810387,0.296008505,-0.067928758
"75",206,"United States",1,1,10,45.08487304,1.41e+13,287625193,31.39354993,0.927797486,715,0.33,33.24,9.44,1036,465,72501.502,49683.686,2002,3013,10.47543843,-0.156683498,-0.04098105,0.771560942,0.443804672,-0.646691586,-0.475926615,-0.450938585,-0.539143599,2.144819802,49022.13138,1.488230686,-0.248111678,0.299209643,-0.079378436
"76",206,"United States",1,1,10,45.08032159,1.45e+13,290107933,31.66453462,0.859481713,715,0.34,33.3,9.42,1036,465,68700.7601,58407.624,2003,3013,10.38578976,-0.173542481,-0.001983906,0.771560942,0.443804672,-0.649335189,-0.461046795,-0.450938585,-0.53724677,2.226195162,49981.39779,1.542197289,-0.333364589,0.303051009,-0.0796324
"77",206,"United States",1,1,10,45.0712951,1.56e+13,295516599,32.2548766,0.921713167,715,0.34,33.41,9.65,1036,465,93713.694,77851.037,2005,3013,10.19570478,-0.062592402,0.084930694,0.771560942,0.443804672,-0.618933745,-0.461046795,-0.450938585,-0.533114514,2.449977402,52788.91288,1.700143043,-0.255704447,0.310093513,-0.080136064
"78",206,"United States",1,1,10,45.06234501,1.64e+13,301231207,32.87861136,0.951055243,715,0.34,33.53,9.62,1036,465,96167.0179,54659.556,2007,3013,10.00228373,-0.051710173,-0.01873826,0.771560942,0.443804672,-0.622899151,-0.461046795,-0.450938585,-0.528748516,2.612728121,54443.23038,1.793211972,-0.219087759,0.317776245,-0.080635464
"79",206,"United States",1,1,11,44.92002116,1.64e+13,304093966,33.24368685,0.945865287,715,0.29,33.64,8.78,1036,465,99021.1085,88921.787,2008,3013,9.908121623,-0.039050259,0.134418394,0.771560942,0.443804672,-0.733930512,-0.535445896,-0.450938585,-0.526193073,2.612728121,53930.69851,1.76437785,-0.225564431,0.324818749,-0.088576911
"80",211,"Vietnam",1,1,59,21.58284433,51871769610,69788747,214.4113398,2.070218246,1821,1.26,30.29,24.5,866,335,3,32031,1992,128,1.7216325,-0.478265706,-0.119890865,0.054214813,-0.013483269,1.343942094,0.90789666,1.295797972,0.741938183,-0.713108923,743.2683898,-1.227851372,1.177542907,0.110342489,-1.390754574
